code,system
E242.00,readv2
E245.12,readv2
E246000,readv2
E247200,readv2
E248100,readv2
E240.00,readv2
Eu16200,readv2
E248z00,readv2
E249z00,readv2
E245100,readv2
E245.11,readv2
E246100,readv2
E240.14,readv2
E249000,readv2
E248000,readv2
E247z00,readv2
E240100,readv2
E240.12,readv2
Eu11200,readv2
E248.00,readv2
Eu14200,readv2
8HHL.00,readv2
1463.00,readv2
E241.13,readv2
E243300,readv2
L183.11,readv2
E240000,readv2
E243100,readv2
E240.11,readv2
8B23.13,readv2
E24..00,readv2
E249100,readv2
Eu12200,readv2
E245200,readv2
E243.11,readv2
E243200,readv2
E245z00,readv2
E240200,readv2
E249.00,readv2
8BAX.00,readv2
Eu1A200,readv2
E243000,readv2
E242z00,readv2
E246.00,readv2
1283.00,readv2
E242100,readv2
E24z.00,readv2
E240z00,readv2
E249200,readv2
E245.00,readv2
8BAW.00,readv2
Z192.00,readv2
E247.00,readv2
E243z00,readv2
E248200,readv2
E246200,readv2
E243.00,readv2
8I2N.00,readv2
E247000,readv2
E243.13,readv2
E242200,readv2
E242000,readv2
E247100,readv2
E245000,readv2
E246z00,readv2
Eu18500,readv2
Eu18.00,readv2
Eu18100,readv2
Eu18200,readv2
Eu18z00,readv2
8B2T.00,readv2
1V0A.00,readv2
1TD1.00,readv2
1T41.00,readv2
1T01.00,readv2
1T61.00,readv2
1T51.00,readv2
1T91.00,readv2
1J10.00,readv2
1J1..00,readv2
1J11.00,readv2
Eu1Az00,readv2
Eu16z00,readv2
Eu12z00,readv2
Eu1A000,readv2
9HC0.00,readv2
9HC1.00,readv2
Eu11z00,readv2
9k51.00,readv2
9k53.00,readv2
9k5..00,readv2
9kS..00,readv2
9s...00,readv2
9G2..11,readv2
677T.00,readv2
ZV6D700,readv2
ZV11500,readv2
E02y400,readv2
8HkF.00,readv2
8Hh1.00,readv2
8H7x.00,readv2
8Hl5.00,readv2
13cE.00,readv2
E252.00,readv2
E252200,readv2
E252100,readv2
E252z00,readv2
E257.11,readv2
E257z00,readv2
E244300,readv2
E257100,readv2
E244z00,readv2
E257300,readv2
E244100,readv2
E257.12,readv2
E244200,readv2
E244011,readv2
E257.00,readv2
E257000,readv2
E244z11,readv2
Eu15211,readv2
E257200,readv2
E244.12,readv2
E244.00,readv2
E244000,readv2
E244.11,readv2
Eu14500,readv2
Eu12500,readv2
Eu11600,readv2
Eu16500,readv2
Eu1A300,readv2
Eu12600,readv2
Eu16300,readv2
Eu1A500,readv2
Eu14300,readv2
Eu11y00,readv2
Eu12y00,readv2
Eu12100,readv2
Eu11100,readv2
Eu14100,readv2
Eu11500,readv2
Eu12300,readv2
Eu11300,readv2
Eu1A100,readv2
9G21.00,readv2
9G2..00,readv2
9G2Z.00,readv2
9G22.00,readv2
1T43.00,readv2
1TD3.00,readv2
1T93.00,readv2
1T02.00,readv2
1T53.00,readv2
1T63.00,readv2
9HCA.00,readv2
8AA..00,readv2
9HC..00,readv2
1TD2.00,readv2
1T92.00,readv2
1T62.00,readv2
1T03.00,readv2
1T42.00,readv2
1T52.00,readv2
1V08.00,readv2
1V09.00,readv2
Eu19500,readv2
ZV11400,readv2
Eu19y00,readv2
Eu19400,readv2
Eu19700,readv2
Eu1..00,readv2
Eu16700,readv2
Eu12700,readv2
Eu19300,readv2
Eu11700,readv2
Eu19200,readv2
Eu14700,readv2
SL50500,readv2
SL97011,readv2
SL50100,readv2
U1A5.11,readv2
SL85000,readv2
SL97200,readv2
E24A.00,readv2
E02yz00,readv2
E02y.00,readv2
E02..00,readv2
Eu15200,readv2
Eu15z00,readv2
Eu15.00,readv2
E256.00,readv2
E256z00,readv2
9HC6.00,readv2
Eu13.00,readv2
E241200,readv2
Eu13211,readv2
1T0..00,readv2
1V65.00,readv2
U205.11,readv2
1TE..00,readv2
1TF..00,readv2
8B2S.00,readv2
1V0C.00,readv2
1V07.00,readv2
9G23.00,readv2
Eu11212,readv2
Eu18211,readv2
8B23.00,readv2
Eu14211,readv2
Eu12211,readv2
E24..11,readv2
Eu11211,readv2
9G24.00,readv2
Eu19211,readv2
8Hq..00,readv2
146C.00,readv2
E253000,readv2
E259000,readv2
E252000,readv2
E25y000,readv2
E256000,readv2
E255000,readv2
E25y100,readv2
E256100,readv2
E255100,readv2
13cH.00,readv2
1V0E.00,readv2
13c1.00,readv2
13cF.00,readv2
13c7.00,readv2
E259400,readv2
13c..00,readv2
13cB.00,readv2
E02z.00,readv2
1V30.00,readv2
1V01.00,readv2
E253.12,readv2
13c0.00,readv2
1T9..00,readv2
9HC2.00,readv2
9N1yJ00,readv2
9N4i.00,readv2
9No5.00,readv2
9HC3.00,readv2
1V0B.00,readv2
Eu13500,readv2
Eu13200,readv2
Eu13100,readv2
Eu13300,readv2
R10B200,readv2
L183.00,readv2
L183z00,readv2
Eu19100,readv2
Eu16100,readv2
SL97000,readv2
E259200,readv2
E259100,readv2
E259z00,readv2
E259.00,readv2
E259300,readv2
Eu19.00,readv2
Eu19600,readv2
Eu19z00,readv2
E256200,readv2
E25y200,readv2
E255200,readv2
9HC5.00,readv2
9k50.00,readv2
8B2R.00,readv2
8B2Q.00,readv2
E25y.00,readv2
E25yz00,readv2
Eu16211,readv2
E253.00,readv2
E253300,readv2
E253200,readv2
Eu16.00,readv2
Eu16711,readv2
E253100,readv2
E253z00,readv2
1T90.00,readv2
1T00.00,readv2
1TD0.00,readv2
9HC4.00,readv2
9NX2.00,readv2
E25y300,readv2
E255300,readv2
E256300,readv2
146F.00,readv2
8BAc.00,readv2
1V02.00,readv2
9k52.00,readv2
9k52.11,readv2
Z1Q6200,readv2
Z1Q6214,readv2
8B2P.00,readv2
8BE0.00,readv2
Eu11311,readv2
SL50.00,readv2
SL50.12,readv2
1TD..00,readv2
9k51.11,readv2
1V35.00,readv2
9k53.11,readv2
8B2N.00,readv2
8B23.11,readv2
Z1Q6212,readv2
L183100,readv2
7P22000,readv2
L183300,readv2
E25..00,readv2
E258z00,readv2
E258.00,readv2
1V6..00,readv2
Eu11.00,readv2
Eu12.00,readv2
Eu1A.00,readv2
Eu14.00,readv2
1T...00,readv2
13cM000,readv2
1TG..00,readv2
Eu18400,readv2
9HC9.00,readv2
Eu11400,readv2
E255.00,readv2
E255z00,readv2
9HCC.00,readv2